,0
0,7M8OA9RuFaM
1,NHQylg9oFwA
2,-wKWTwJblJo
3,-O3Y-fqBHR4
4,eT6lmWhDpm8
5,2-62s6uFDVU
6,5BhNUXA5xRA
7,eDbXZUuQpew
8,dKrrnUvHaFg
9,uSN0NoaeNbk
10,_vGGWKbczps
11,cvoWDWAokO4
12,m34FL9I6D_8
13,hNYAmn0rKBE
14,DM2xHAKuWgY
15,WMkud6NBh1U
16,S8Bbm5OHUOA
17,_rO5_FyUrgg
18,MlVKLv12RM4
19,_f4Ni3nIwPc
20,Nn4WTdnkfdM
21,mUZbLfMDibE
22,7h84H0y3HTc
23,RWF7JWSCK8w
24,9Boythteo8w
25,dSkNEjkQyZ0
26,fxj7sZMswCo
27,y6A50c_AMtk
28,-3hNLnQ4ax8
29,7lq3khvUP_4
30,TT1VEy2Bms4
31,50DF2ioy5gI
32,x_5i43JhiBE
33,bsJqO93vN48
34,M7G2djLMsU0
35,0TZpY4eclZo
36,qdU3_Z33BYQ
37,9BZfzF4jcjs
38,2zErPmd6mIg
39,gUbBEnDrPiU
40,4r69pp4uMfI
41,IQIKuBFF6EM
42,Bbpgl1YL-Rk
43,Y0Crss-uURI
44,LIYmB3dDnyI
45,VIdJx_gSh2U
46,Dr-hMrMvtZI
47,iIkx9MARLCg
48,hm2WB4Ep0IA
49,096jYDuiMIw
50,vNPA9ibRd58
51,JMoPIH9tav0
52,ozzzLs3z258
53,MW7sjI0zX54
54,noCRsRf8qvs
55,p8FZl5leLb4
56,RwICm4RIqVI
57,VyDeNHL5SEA
58,6l6jAn0-jgQ
59,wkmrGMqI0JU
60,NH4mvcD6DpE
61,CW_f5RPHnig
62,MS_9E8sGDOk
63,3y8_sz-Ozbc
64,29i3Nwd4w_Y
65,NO43znXYDW4
66,yruo5DhD-y4
67,Adta8ywBa18
68,ne-yZS5wkQM
69,HY5B2Gl9Hy8
70,oEEd719GXqQ
71,mvkzAd87BKY
72,B24sfM7Azl4
73,RO2cbJ6jTDw
74,BHq76Om6Up4
75,A3pJe-Z4Zrc
76,jxcMf_5Ktcc
77,P7k1Wta3FYQ
78,ha_OnJKdesc
79,GSxBuwV3hjA
80,H27RhlAFkKQ
81,tjFyI8HoC0Y
82,Zi-YkFx8gEo
83,IBIzEOW49JQ
84,qknP-E-vPQ4
85,gDIQCYsS_RE
86,WcGaKh0yN7k
87,leW9ZotUVYo
88,yzUDqbmVtHs
89,RVVaap8YeoA
90,McvTnVtpiQg
91,SxfSn-Fmd5Q
92,216_JkKMHDA
93,AoT1LwW2fuo
94,CPdwZnpbi2k
95,myfGWbjltg0
96,r7JwNFh7nnU
97,469JJk1Wf1c
98,bqXTLEHQK8w
99,EQkkuDl9Tb0
100,fFE0TWRz3LA
101,vl0aHhGypzU
102,adlYd-Bamp8
103,IXK5S1EXyDE
104,Z187qG5PF0o
105,7wxZ44QL_5Q
106,zNOlphgRpho
107,ouCtbSdrkWc
108,xZB7hveMdz4
109,aDuOzDrVEp8
110,MGgA4r9rSdk
111,IB34pYTj7T8
112,374AMyyJ1Ns
113,qdItteKO90o
114,wOry_U0qL50
115,dThZg6EG_pc
116,OcoQu0qQoUQ
117,ATTBJpD9ijQ
118,3hvwK5gCIuU
119,lBukRxTt_uA
120,CZmk0_KZ5jU
121,Oy2s7yqy1XQ
122,KovweSiQrIs
123,kYZJKvZaCG4
124,3OIqiQG0hSU
125,R0qkRne1_jQ
126,2hpE-Un5eMs
127,7cSqg9srLP4
128,lqbVTE_6mnk
129,rQHjI8-4S5A
130,7cJvez4XZw4
131,heSlq1prBzE
132,d3AuAVK16MM
133,xkybolV_T0g
134,OhyxXdeRjy8
135,zYgZYL8ArmU
136,TNV7O7kbm-U
137,PH5jWTI1tsE
138,LvFV17a1vh4
139,KUpMjgo4aUM
140,_zHdzEzAt9o
141,On1BXWw7jcw
142,gqgRajnKkBI
143,PyPnUCy_TE8
144,sSV6ZwxVR1U
145,vgtS5tbn7E8
146,wbAj1Ah9nmw
147,eyoh-Ku9TCI
148,hhfkNrFxkcM
149,OjtpzUdy4gk
150,uzUaym9zW3c
151,VkI88pc8YwQ
152,zSv-RzesjYo
153,6T3eFWwUW2c
154,sd5V58-454k
155,wL_QrNhVR38
156,5ngOKNELmPI
157,lfwIDEWhF8c
158,Tp6h9VQRaqw
159,J4_Wuq_VmOY
160,vO-K3hopNAE
161,UcOYZb8Ge7E
162,AKZlTqhibZk
163,htL8BBrf5U0
164,fg8N5y86cbE
165,01LFEpc0X-U
166,AhE5LVWgNzA
167,OquPc19gtm8
168,BxawlCuP9AU
169,bKpfkGjF6MU
170,eUhqJcokF50
171,wnlmI_H8klU
172,tGap39pszEU
173,4mCAizku4cQ
174,MOW9k_C4vFU
175,KD61P5k8-l4
176,RoDSpGJlCk8
177,8SvtR1p1Xcs
178,OV1nj3CZzds
179,sSzpjZ1l-ig
180,yIbY4vqNfos
181,JbnZMvmgx4g
182,eeBjSsJX3oE
183,qq3RQfh9hfc
184,Ojnc7v-sTYQ
185,NLMwWx2nojQ
186,JCfDQzMkENw
187,huPEUsbRhFo
188,NBp2B3ao3Z4
189,71-dGxBmVCo
190,PPwDTsbgetc
191,DxM7aFEGWrE
192,oYP_GU34x3U
193,IEzKsa_w-e8
194,ojm3eUtck7k
195,JQk9AoCrrPs
196,MgMravUNTk0
197,lMpODIvVqt4
198,oofmrnCFggk
199,3Pj7y_vOs7Q
200,mFBIUVuLlOo
201,HmGUpBP9KdY
202,amW26stC0lI
203,jVH2vNlgIfQ
204,RAsZE59km3U
205,NDk6dww_oyo
206,KrzkqUuL2rs
207,hXo6UY60IOQ
208,owvImmgmvOw
209,B3HjB5t6dmk
210,MWPLROyQcyc
211,KEGoFgfoYEk
212,8GE1iB8ZGPs
213,eZ30YrPOs-4
214,wy2aE0glKOM
215,hR8c_jHUTMU
216,yI3X3AqRvX4
217,LHb4jdiKwDY
218,-B1rVJuI0Mc
219,UK4IxrzeLc8
220,kylZRqap55E
221,1LZpO4QiKEI
222,DlPI-bL2ZjA
223,w-cI-x1XV8Y
224,ONyJmY5U7Wg
225,6g-B-lKaxAU
226,0tvX_iVSX8M
227,wxtPrU9w9RE
228,7bIhVg_gQ3A
229,XYEUz1wknJc
230,296h6Ci7cfw
231,E0b_JENQdYk
232,qrfh6QR8FOE
233,0c9PExGc9WE
234,-qLOeEkI1o0
235,Lp0b4rQq6r4
236,1sULnSlYXo4
237,lLCuLi-6p4k
238,TFJ5Tsvd6Ws
239,jJxGTef13hY
240,6h5JP4HWoac
241,Np9z386TtRc
242,Mwid-aunc_E
243,pPYmcaPwwVU
244,4JRG36dnJ-0
245,zWIHbgyoAek
246,sJmb7XcGJIE
247,n5co7tEXDS0
248,ya4xEL_2AGY
249,gVce3sc6YRA
250,yJ3gTmy4KrE
251,qnYBR35pdqA
252,jK2eqWmX2cQ
253,sqq_QZugCtE
254,a25oqnFrXGM
255,WMA8L5OpuDY
256,3LEjTnf7A4A
257,vEoXxCbpmh0
258,gRYnPkwRbZU
259,F25pd_H4cqM
260,3HcV_2CB7jc
261,X5L43x9ADpc
262,nLoPBfc2qJg
263,h22pRtmiHmM
264,GNvGNHoIB5I
265,3qzcAMShotQ
266,ElI45xxLiOc
267,7JzKE7DbSso
268,2A6DrW7U1Bk
269,kAEPloVjP5I
270,F9tn-vgdQ8U
271,Nhp2ziAc1Vw
272,cIe6ZX9Z2nY
273,KuR1yEVK9hQ
274,nenFRLFY7yc
275,z_dCcg6EuTc
276,aE5ZO3wma2Q
277,hSPf_b3g0Ms
278,drXySksGq-U
279,JCeNT9kNfXs
280,xXE5AwzNQ2s
281,qAFFAmuNgUI
282,93MdTe3YcZY
283,WhdH1B2N6Dk
284,qKR06461xic
285,nYxezywv1y8
286,18qhLsy28vY
287,o72ju7UW79M
288,xc4xpKEPejI
289,Dq8K0fHWLNk
290,0DkrrYbxXJQ
291,zK3H4aWfdpQ
292,5uNmh5k1Z0I
293,sgUtYiQR8J8
294,Y9rqlA5LjSU
295,zqWqZrtInoQ
296,zXbdJvqq2dk
297,UTnc3-hPHTg
298,x-l-fJFONPM
299,H8JSZVjKa7c
300,w3qJGwTs1DA
301,tUehSTLkrRo
302,vsl32GVXx8g
303,roQyPpyydtc
304,Cr1FlE3NlJY
305,6W_hgdSJnHE
306,wKaA4e5lhW8
307,O7EP0H-_AEQ
308,3Ud-C1qrhH0
309,j__v89xOBas
310,2zBdrc9n6ck
311,tgNqblZt-Xk
312,0whUgkCgP0U
313,dYxln0lCvO0
314,Cenlu9FxHpw
315,fskOyDsycsc
316,9Eq0ROFaqEs
317,xZCsT1ExzPo
318,PGCQuWUNo_I
319,jQepTW2VJKI
320,X-C2ajFlomA
321,fMRZOYXngzE
322,skIScZQrnGo
323,G2S-RwZWQTs
324,oL1q5qJ2FFE
325,vKuItf6xN6E
326,8oHrYvQG6Ao
327,0Rj4Zf9D_IU
328,AGHJOir_7Do
329,NYb4EBdhRfg
330,smSBZJivDT0
331,WbZ7QcamCdc
332,7XwyZwlyS_Q
333,CIoJdL3-gkU
334,3R58j21m9e0
335,fAaRpgAsokA
336,0NkOCSYRplc
337,mdjYX9Adq1M
338,cpLE22vu3UA
339,wbNzh25gI9Q
340,XQXzgPfvUcg
341,FlDMsiWz8n0
342,2ljFXfkgVPw
343,Y5MDy4LMfCw
344,FSSFhG7J4Vs
345,6pVvbbpbrlk
346,7QQbk4HFfUU
347,rGPk3Fyx7AA
348,xThP3JE33yI
349,i70YNdbkes0
350,h_RSCGCHKm8
351,h5Ld-J0snYM
352,cZBXjrU4Aps
353,B9BCaM_14pE
354,DcpQsHJm_Rc
355,uQNE4VBIZvI
356,yhITUFbi7H8
357,7JfSnY_C24U
358,-mXHcvlZFec
359,uesKSgALFFw
360,hoxSFYI7CGs
361,yTHoweq5s5k
362,-4jpkeVkWGs
363,EyClFsYXb-I
364,WD9WAxqM_Do
365,j7Jlhm3wdfk
366,dwX8fQY00w0
367,kY1Qeju6JKI
368,Dx2B_a5FqkI
369,SzNpirzTmfY
370,KRjerNscRFk
371,CKL9rkpN1EU
372,rksEPGKobfU
373,FKv5KBzFW_s
374,fnicfB9Ia3U
375,GikZ2__ae4Q
376,RPcWq3ofz4o
377,yPIxa7VmpZo
378,DbVsfvMBKNo
379,Yn7786aLV48
380,VGp1CDK71PM
381,5YPSfaEGTQ0
382,FFBjBvNP9YI
383,ml2FmTCRu_c
384,FBTlIlQ1LOE
385,JJXoaEOC_iI
386,XNziaWmXilY
387,w8aGmcGE8fk
388,dSXSYwBBTFs
389,Ti2XnIvuHiA
390,NCQ5GdBPJXo
391,PoydhOjqilw
392,3cs8S_urAXU
393,0gSlsAqjbR4
394,Uyciy8LmmXg
395,95t8gKQxDTk
396,DvWpL_Q_2I0
397,axx49dFFsQ0
398,T8FKUJxnrmw
399,0-n93GjuVTQ
400,LIJ1x1BllzQ
401,i-onbNQCaMQ
402,gWgHMVvEbss
403,28LdRk9vHx8
404,P7fWu3yEw-Y
405,sQC0v5ircFU
406,gdnvl5lKHFY
407,sHYoOKmT_dY
408,uKMbNHaHcCY
409,Xl5AcDinkco
410,sW5UezqbplY
411,xKJnMt5liko
412,JLJfalLDwDI
413,AcnSJFiU-P4
414,bTX4mLN3uYE
415,wRciBlaiCMU
416,FNbM-jHRR_s
417,dFs9ddCMtKg
418,wDMHTsaMAEI
419,Px633lN3HwI
420,LaO9dd0yBMU
421,7DCz1nCYuYo
422,UT3avE0V4Fw
423,BZ_0Gk9WA4o
424,W5wDXeOejCc
425,VxCzOD7yBUU
426,T4mWDPyxbfA
427,fM9J7p32XCA
428,vneRZLqBwWY
429,iedRIAG9JLA
430,b78BCvInoCw
431,x5xDYM4xRtE
432,RUK0u3OsRZI
433,I4WHOEsq1Ko
434,VxUTX9xmh4s
435,CpSewSHZhmo
436,sgM_xWMk9B8
437,BxrPIc1_D14
438,VKChP4U4yxU
439,KFSxL3aKpDw
440,Doc0iY68wuw
441,XoITgQ6oN9s
442,AlX4lNNUAhk
443,4SW6nU-5QN8
444,VGVHT4ykpcw
445,BrP6aUfapvk
446,izomt9v_Q3w
447,ooF_UhFlFek
448,Y9rqlA5LjSU
449,YfODLc0x3M8
450,uJqbE4H9lLk
451,AguB5gKVQzw
452,50EzJdhqcKg
453,UCUXbmeriCE
454,rq7XSNtxNsY
455,KY_4IF9fewE
456,DSFeFmFxFKY
457,SXElDdfI4cA
458,ygKVHgi0vi8
459,9EgUVURXX7s
460,--7o6El8Bfk
461,tkugpC33ZVI
462,DnPIGNpXcMM
463,m5wmsEYSdIw
464,V3BNcrF7XSc
465,prsleAYITiM
466,hhHsCFMwCBU
467,mkSSu6gKGOg
468,_URwliI-Bcw
469,o9uJRK-b0Tc
470,iy5K428PBzs
471,ebqTluqnzcs
472,NcopKABSUuQ
473,Ir39Ijna_dw
474,bLR2HYMuvxI
475,sdNDagF8pVE
476,FDT99ZgpYnw
477,fvANNcspj9g
478,tAqnP5JKvPc
479,e8z48WbHC8w
480,xuRTQcXFHfw
481,t5zqDBwK1FI
482,7JQwOndSf-c
483,KAXZ4k1IVis
484,fDev0tjm0-w
485,huEp4m_CXPQ
486,UyoCBTFJTok
487,ocv1i7eQ7eE
488,qAZLDkz0w94
489,OvxkT7sw8Zk
490,xqGdMFabjus
491,rKodq-UcBDE
492,w1z2qUBBRJY
493,hCMKysXAbco
494,LcdAevMLpjc
495,DiuZ2uXiiSI
496,2AbIFNUhojQ
497,r0pnvcPh__E
498,NVkiVBBukrA
499,iG-ub33fiD4
500,joawvWWKW2c
501,9PVAPA9B_yU
502,l3eVYxOGEgM
503,k6nUCjQFD8U
504,B2DJIAcs_uQ
505,hcUILOxSMuo
506,UPkbRaufaVo
507,aYPw78La8NE
508,r4A0B1voq_0
509,vW1ICmNqR6o
510,VGMVUNjIGsE
511,Hjq8PPJLbTY
512,mco2Z-HEVC0
513,lj9OgGQ_QkY
514,Ek1QpJ5ZNZY
515,wl9n3_yJ3mg
516,iKJ6_Gm1b9g
517,DrZ7YtAC_8E
518,5EjHwFjMpk0
519,tUkhB-70vDw
520,Dliyd3acx7M
521,sLwcN5Rhd70
522,THsv0HxK6bo
523,TMyUQbbdVtQ
524,SI-dYEs3F0U
525,2-lXx8_3GuY
526,TGBgqh20nQQ
527,m9rbgxoNeo0
528,NEPkdItGS6g
529,6rK3QDN8MF8
530,2N0HkBAEsBA
531,0V6Eh8U-xqA
532,7TPKfQ9xGfM
533,1G3UK4EgsIM
534,DPEsY9wYSUg
535,qPWADA4RZYw
536,slMwYxEbIG4
537,nFc3ppL5faU
538,h3snH3lBR0w
539,PemNZ9Uu1ao
540,1A3RfVS1L_4
541,a8CE803DMpU
542,-ua-HqRB_UE
543,TCZFJb70As0
544,n9zwdJh7LMA
545,vnLl2O5QuPk
546,l43jwJyu4ic
547,3I6cD6sgGbc
548,-0ZFwK1LFro
549,0mSy2BY7lts
550,ZEXPCFowj0g
551,_kiLlvCelr0
552,pH3ShaN5S0Q
553,5CsJZW0VVeI
554,12dqwZjtUq0
555,dVxIovVlM0A
556,_3xNc0tuk9Q
557,03s-hH-DE7E
558,beP7H7RdC-Q
559,3Uk66wSzi_U
560,xvD2fUkQ6_A
561,yS8jE2Fat1M
562,pJcStw6oDzE
563,-IdzMkiHM2w
564,e-nWIebKBRM
565,5-3fSrQTBxI
566,pjjFS1F61L0
567,FJmojYM2I94
568,T2Fli9sWdSQ
569,nGCEpUAnkSg
570,tjfSeF6T7qc
571,dm5aNKQa60E
572,PaZhiMu02-s
573,b1U7LS4XCCY
574,he_dr2DSRoE
575,Fh_oAVTz9CY
576,DANnBfx-5Yw
577,bjOK1gKy2bw
578,jVFV_1pOqDY
579,TvwqXr9oyLE
580,E78kSbfYcvA
581,t2xFC17NPZI
582,Zm0wEvkavoY
583,JK6p0-8INSw
584,y0HUynYdoEg
585,nsv5VkCGMPM
586,2flNGDkNqzY
587,Of5WsLfuTB8
588,MM_o7JH7oBA
589,EXNegDCaygk
590,ViQW0eKHpWU
591,K_HgOHGo0Ow
592,rSly9sPl09c
593,a9khL60PxbI
594,abSfRKuhvw0
595,QINtQ4pkpEk
596,pZVH6EfYHhI
597,ONVG-EZ3kOs
598,jhaYy13CzjM
599,YWFx67lGfNY
600,AwMFZ20FVbY
601,d5DuTw7xqPM
602,S95XAAMeVWM
603,L8M6vAhUHFA
604,1ABy5w7GR5k
605,yGhHBCbbYNM
606,d4lfTXXzQ-o
607,JTKlH9oj_zI
608,OBRw3qhuj48
609,9TO-U6dtQ34
610,tA0kGbeEIAU
611,awgAoZWEuwM
612,gvp6Qw7Y-2o
613,USkpAE0V8Is
614,YvtAwwGh0Qo
615,rY9IdBqzK-U
616,ckNbtNrqJV4
617,_-ayGlHZunM
618,NhGdVZpce5A
619,jNVfv50NxgM
620,PW0IR4a16IE
621,SmdkenejpcU
622,FfE1jgXmkaM
623,s7HB-SdjNiM
624,u9CzAAzK-TU
625,vspm4lZCyM0
626,BWqZ53annAE
627,Vdk-lRqTeIo
628,DQ8_JXd0KX0
629,KZvlPLyj3Ic
630,FBQfKqw0Wn0
631,Lpg1invLGyM
632,r7SfzehbBQ4
633,8kvKlYKxAlQ
634,FQU5kpmoJyY
635,QvQEH-a5l8g
636,R7cglZz_o3o
637,ZFGthxEYXek
638,GQlZdKM8lT0
639,rF4_vAovX6E
640,8vvBSQ5Qaok
641,0BF6nkd-H-A
642,DbNDH8VRPBQ
643,UM6BdmzMVwI
644,STpBX15pRYc
645,aDNVqRomMH0
646,PJNfe0COXkU
647,ycANlnsl2QE
648,kNXH2j9daO0
649,ahz8uA59NwQ
650,A-ZRaECe8r8
651,dNiqRBO7TCU
652,p3gwleQviC0
653,vqtuntlmn6U
654,jBUE9fslQUs
655,onR3mhFJYfM
656,evI3DEP1FMM
657,txWcvHrwryo
658,KxjucUoy9kQ
659,maCNg8DJ0s4
660,zFrlu3E18BA
661,76evWI5C1X8
662,yW6UIMGNH78
663,l0U5gO1d-SM
664,4qJ1WdkHUdY
665,ZQGoeqmWO5s
666,3RnFUNdTl0s
667,6Pqd7UFWr7M
668,mugWwJQv0dU
669,gQ4gLeHJZPw
670,RznoMSJjW-I
671,A1hI2pmUZpY
672,0oIB_WJ3Voo
673,KxS4QMWK0Cw
674,CwrgUl3tE5A
675,pKmmwTEBV6k
676,NyzkXbrTsEc
677,5gfrM364XqQ
678,fXj7NbzfbQI
679,5RgH4TwHhMU
680,Rgnub64pWwE
681,aOGk7KnFpAg
682,tMwW9dUIi0M
683,COsx-otwRDM
684,wItJVifwUE8
685,f9QybysnLec
686,ErP8VJ7UuNc
687,4IM7Wvtss0U
688,EQN-8Jtp6vM
689,G1humvIuyOs
690,Y8THDGB2-jI
691,3WRCzKnz5go
692,0zsDYUgcskw
693,onrSt_tdWrk
694,Ktw5B2MLACc
695,lsRAK6cr5kY
696,nWyJAGwCBp8
697,oAB5fsN2uA8
698,aby-ryanZ-8
699,pZ0zX76ZY_s
700,Mv8Zbmx6uh8
701,JYTW9UviOXY
702,D6m7b4n_7CI
703,C1vI8k-JEsQ
704,T3MndVZLJtM
705,e_k7E5aciQ8
706,dJaXzFbGJuo
707,vdXpe1e9E0s
708,wrRYgbaw5Mw
709,ZMtVPa7Sl9c
710,f2h90HaSiqI
711,cub3xhJXsAA
712,fvPczVNS7xo
713,jpkOPTH1_6s
714,-0NiqgJtluU
715,4rbOyv6xpRE
716,8kGnLfQ5hrI
717,r8ytw8oGbcI
718,vLo3SASoZ_E
719,NrNIfx-js3c
720,mk7usoIG20k
721,JFu1aKRxa5Q
722,pHMaAFuV2h8
723,sAbsft-M3TM
724,zCT-b7G9XZc
725,SFTbDwSGDjY
726,S4j3TiDoXA4
727,SU8vPtkf7zo
728,rhKwvrAzLHE
729,rRYK9ARoIOo
730,XahzC3Uc3fM
731,baqwmi6XQb0
732,Ng04tYPHHQ0
733,5UZ0125-CWo
734,6QUIPAbMEt8
735,Tirwu-YE_3I
736,TEHtEVLfnTc
737,24t_VOz_fJI
738,yruORRq9S9g
739,p9yat7GejDA
740,yENpG7BNfno
741,lp35MCsKSxk
742,SLWg8ul8eQU
743,PSBqbUHCHXM
744,4LYSTb_RTK4
745,7mhpnwRlt-Q
746,-O1frG82qs8
747,v8izIywlzDQ
748,s0gp3zbdDes
749,JadgH8F9zBM
750,zEl0ainPX3w
751,FplCp8F5igQ
752,GUyPtPjqEGU
753,9cub1W7PI5Y
754,eJTLNHGMKbw
755,U-y17HP54bY
756,_i2MQLX_Dpk
757,xOzqoJF6FGc
758,Hj8HMZwkowc
759,2slnZxT_Evs
760,Up52-MFELGo
761,2x6r7DBdxhY
762,WErB95Brgbs
763,6jHI-95fSTY
764,m2eLX0LwrqU
765,HaSfrrMGWOc
766,6rfxlc1zUc0
767,RHiSMBlDcGA
768,HFp68u7mmbI
769,U7ZhsTEy_8A
770,IvxQL-dX2Z4
771,1r4Q5ttrkuw
772,lTpCVzamEsY
773,WZ82FhlX-Po
774,Jaf-zn2WGx8
775,LgPOfHv5Pto
776,VHZitT0-fCY
777,6p35ZnhQx0I
778,GE7qGgosaqo
779,ybdGREjvluU
780,ojB-DTZzZf8
781,qX9-nvwjFvI
782,qBXyJxVPZXI
783,Z1zrKv_Noj8
784,FNbM-jHRR_s
785,pWtqyyyBViU
786,HXpA612SdMA
787,tHq_mNIvtl0
788,W2uajGpm5P8
789,sDXHM9qG1HE
790,5TpN5kbd6Uw
791,dEFg8M-O8BA
792,c6NXQfT9Uo0
793,hW9rZREN__E
794,QemyTq7Sr4Y
795,Z0-NIPAyd9o
796,JmuirSUDobw
797,LMeA20yOD3A
798,P8zx2UfcP1E
799,rwEljJt2hI8
800,CSOPjnyzqmU
801,CkpFQEpUco8
802,IYlMd1eoPsQ
803,YTPzM3EUKSU
804,t2oPDEN0WTQ
805,Hv4qL65QgPs
806,W8gEKBayxFI
807,LurBzhPrx_w
808,aSt7vivbroI
809,Rg1XZfF-ybc
810,KHSxaCs1DEs
811,Vxf8CEmr4FA
812,o0bVM4qV5M8
813,qMSZx9Ug2Rw
814,40vDnmTMaB0
815,u9nDF_EirV4
816,8fUOjKLgeyY
817,daxRy9-bht0
818,DvrQ3Y9zRTk
819,rQyrNEEH_Nc
820,3aiAxE53yhA
821,FNbM-jHRR_s
822,SI7MvEkPEcE
823,lKL9zpL1HGk
824,CWZ4YXpHsyk
825,pSLaYyRsdXM
826,1itKc1OaWCo
827,6b1IN44V86Y
828,9T72QRIxL3Q
829,XqycmRLZzPk
830,sGwwPDKHcMs
831,7waSjFe0wHg
832,0GeYkFBIPr8
833,ri8GGSiI3Fw
834,HX1okLOSRz8
835,8y5kRY5VtiE
836,qDRGBLiGpzg
837,G6gug59D47s
838,W8a2wcg7AFM
839,TTa49hWL0HM
840,L4uGJr0go3k
841,vBzEe9F1aPc
842,XnIHCDCFM8w
843,i8tfQ5kMWwI
844,B91Ke3yO5Gc
845,ZyTzDXqmIlY
846,RY4nAyRgkLo
847,XMW6ZnHW6NU
848,fg8N5y86cbE
849,njZAQ9vapek
850,P4XOQgE6zq8
851,iiyMR0LhipA
852,6pWlNaTlO-Y
853,bbawyOZuAZ8
854,PA4lqYPEp4U
855,Ziv5Aywtjo4
856,XgnhLwrTSFo
857,PwZUqZppTAQ
858,GVAmNaH9q1s
859,rDqu57lmNnQ
860,3nP5TFOjigg
861,RtFGpcL6y44
862,fGL8ct5z84s
863,ot2hJl89DcY
864,S0cq5s3dYIw
865,XKfTTHqbk-4
866,bMeWdbyUBjE
867,ogKBevxvdr8
868,SCsz3XJwQwA
869,DBzSWH5-nqo
870,zrejGQgd5LY
871,NIMeAr9SRz4
872,vgyj0pDK_SU
873,jDQEWWYcaGA
874,6OVbVTNQmBk
875,szG_FHGgf1U
876,4v7ORA1jims
877,NAb2gt-swIA
878,Huk26YgxiG0
879,SXvycUS6MA4
880,AwHmNLjMV1s
881,ZnEN-vEhhy0
882,wsYPsrzCKiA
883,FNku56czK_0
884,sWoSZmHsCls
885,Sd_D0Ep3Fp0
886,aCRh2XTg5vM
887,-JcbOyB5YoI
888,WfCBeA77jYE
889,0LoKk1JGLzo
890,xb2nrlWGzaM
891,GZyerE-2V1Q
892,3esePqVLpz8
893,KZW9b_LJkMk
894,J2yCAl6ZgxE
895,JamURLO00IY
896,FPkbgwgEiMM
897,r197A88GMt4
898,puPNJgqvbG0
899,VPNjnNbzZxA
900,Szqgq5N3tQQ
901,sWsV8JvHHYo
902,Y9TN_DT17s4
903,H2EALdAmpqk
904,V1iK9qJakhg
905,wFlxW_yvCis
906,Keafr3YQZ2Q
907,XAfjXfxWXbc
908,8EaHJ61zFbw
909,WOqpIgI0CLY
910,IEccovX3qMs
911,ZdK4BHSreW4
912,R-QBlNYpl6c
913,4CfuOypWsO8
914,i5viKJSUJRk
915,-0qPFo4AU60
916,gaz05wj7st8
917,kVieMSQ4pRY
918,x6zdwIOz8U4
919,jtJJgX7MXnM
920,MPsQvxwaok4
921,kNsPFhCLGxo
922,6291Ey9wzIE
923,QiJLQbGbgY8
924,LTq7AXQ-IhA
925,OnGLd1PX5_o
926,emvdufe6t-8
927,9lugNeWnEwo
928,o4G7iF8NKJ0
929,E4DHu-xG6qU
930,gO_ogjf459E
931,1HGk49Ylz1k
932,FeWP6Pgy3_k
933,UxYBwgS_kbI
934,fl2cpc5wBn8
935,DKoUCyiAhRc
936,fOY1LDJSolA
937,0wpRuU7xKC8
938,OjLWXPktVcU
939,dORalS4dJXs
940,92-iEbWNceo
941,B_Li8WRMjSs
942,1OXcJdF6Gks
943,L1FP_jQfR3Q
944,szFUw45-qnQ
945,UtyNgZh9lnQ
946,FNak4Rn5lrU
947,TYUu-KCL6bI
948,H-1BHZ_D7B0
949,4m_E6ay4ZCs
950,pBcBD9LxbkM
951,mhCCIkt4g-k
